,Invoice No,Line Item,Month,Order Date,Order Type,Material,Mat. Grp Desc,Batch No,Base UoM,Qty in Sales Unit,Sales Unit,Sales Qty,Frieght Charged,Freight Incurred,Interest,Net Value /KL (NET_VAL_KL),Packing Cost /KL,Total Packing Cost,RM Cost /KL,Total RM Cost,Total Variable Cost,Total Value,NET_CONT_KL,DENSITY,Sales District,Region,REG_DESC,Payer,Customer,Employee,Sales manager,Industry Code,Customer Grp,Industry Desc,MATKL,Mat Grp1 Text,Mat Grp 2 Text,City,Doc Curr,Plant,Plant Desc,CGST,SGST,UGST,IGST,Commission_N,Basic Sale Price,Credit Days,Discount,Revenue,hierarchical_cluster
21,9501684689,10,1,2024-01-05,0,21,13,62,0,14.0,2,2.926,11000.0,2260.0,1705.48,138768.71,8971.29,26249.99,71953.72,210536.58,73659.2,406037.25,65109.51,0.861,6,13,5,335,317,18,13,8,304,9,0,1,10,208,0,1010,0,0.0,0.0,0.0,79002.0,0,139000.0,30,0,406714.0,3
22,9501684690,10,1,2024-01-05,0,21,13,62,0,4.0,2,0.836,20000.0,3390.0,1722.12,146638.71,8971.29,7500.0,71953.72,60153.31,73675.84,122589.96,72962.87,0.861,6,13,5,336,317,18,13,8,304,9,0,1,10,211,0,1010,0,0.0,0.0,0.0,23926.32,0,139000.0,30,0,116204.0,3
23,9501684691,10,1,2024-01-05,0,21,13,62,0,6.0,2,1.254,20000.0,2600.0,1722.12,147428.71,8971.29,11250.0,71953.72,90229.96,73675.84,184875.6,73752.87,0.861,6,13,5,334,317,18,13,9,306,10,0,1,10,206,0,1010,0,0.0,0.0,0.0,35889.48,0,139000.0,30,0,174306.0,3
25,9501684703,10,1,2024-01-06,0,31,2,63,0,32.0,2,6.688,0.0,398.56,8801.51,112168.78,8432.66,56397.63,77534.33,518549.6,86335.84,750184.8,25832.94,0.857,6,13,5,31,37,16,9,7,37,8,0,1,9,6,0,1010,0,72832.32,72832.32,0.0,0.0,0,121000.0,180,0,809248.0,3
26,9501684704,10,1,2024-01-06,0,31,2,63,0,32.0,2,6.688,0.0,398.56,8801.51,112168.78,8432.66,56397.63,77534.33,518549.6,86335.84,750184.8,25832.94,0.857,6,13,5,31,37,16,9,7,37,8,0,1,9,6,0,1010,0,72832.32,72832.32,0.0,0.0,0,121000.0,180,0,809248.0,3
27,9501684705,10,1,2024-01-06,0,31,2,63,0,40.0,2,8.36,0.0,429.07,8801.51,112138.27,8432.66,70497.04,77534.33,648187.0,86335.84,937475.94,25802.43,0.857,6,13,5,31,37,16,9,7,37,8,0,1,9,6,0,1010,0,91040.4,91040.4,0.0,0.0,0,121000.0,180,0,1011559.9999999999,3
28,9501684706,10,1,2024-01-06,0,31,2,63,0,35.0,2,7.315,0.0,490.36,8801.51,112076.98,8432.66,61684.91,77534.33,567163.62,86335.84,819843.11,25741.14,0.857,6,13,5,31,37,16,9,7,37,8,0,1,9,6,0,1010,0,79660.35,79660.35,0.0,0.0,0,121000.0,180,0,885115.0,3
31,9501684710,10,1,2024-01-06,0,31,2,63,0,40.0,2,8.36,0.0,429.07,8801.51,112138.27,8432.66,70497.04,77534.33,648187.0,86335.84,937475.94,25802.43,0.857,6,13,5,31,37,16,9,7,37,8,0,1,9,6,0,1010,0,91040.4,91040.4,0.0,0.0,0,121000.0,180,0,1011559.9999999999,3
32,9501684711,10,1,2024-01-06,0,31,2,63,0,35.0,2,7.315,0.0,490.36,8801.51,112076.98,8432.66,61684.91,77534.33,567163.62,86335.84,819843.11,25741.14,0.857,6,13,5,31,37,16,9,7,37,8,0,1,9,6,0,1010,0,79660.35,79660.35,0.0,0.0,0,121000.0,180,0,885115.0,3
33,9501684712,10,1,2024-01-06,0,31,2,63,0,35.0,2,7.315,0.0,490.36,8801.51,112076.98,8432.66,61684.91,77534.33,567163.62,86335.84,819843.11,25741.14,0.857,6,13,5,31,37,16,9,7,37,8,0,1,9,6,0,1010,0,79660.35,79660.35,0.0,0.0,0,121000.0,180,0,885115.0,3
34,9501684714,10,1,2024-01-06,0,31,2,63,0,32.0,2,6.688,0.0,536.33,8801.51,112031.01,8432.66,56397.63,77534.33,518549.6,86335.84,749263.39,25695.17,0.857,6,13,5,31,37,16,9,7,37,8,0,1,9,6,0,1010,0,72832.32,72832.32,0.0,0.0,0,121000.0,180,0,809248.0,3
37,9501684719,10,1,2024-01-06,0,31,2,63,0,28.0,2,5.852,0.0,398.56,8801.51,112168.78,8432.66,49347.93,77534.33,453730.9,86335.84,656411.7,25832.94,0.857,6,13,5,31,37,16,9,7,37,8,0,1,9,6,0,1010,0,63728.28,63728.28,0.0,0.0,0,121000.0,180,0,708092.0,3
39,9501684724,10,1,2024-01-06,0,31,2,63,0,28.0,2,5.852,0.0,398.56,8801.51,112168.78,8432.66,49347.93,77534.33,453730.9,86335.84,656411.7,25832.94,0.857,6,13,5,31,37,16,9,7,37,8,0,1,9,6,0,1010,0,63728.28,63728.28,0.0,0.0,0,121000.0,180,0,708092.0,3
41,9501684741,10,1,2024-01-08,0,9,9,3,0,19.941,0,19.941,0.0,1173.22,3051.43,82726.78,0.0,0.0,79648.95,1588279.71,82700.38,1649654.72,26.4,0.852,6,13,5,44,45,18,13,7,44,8,0,1,8,133,0,1010,0,150574.49,150574.49,0.0,0.0,0,83900.0,90,0,1673049.9,3
45,9501684754,10,1,2024-01-08,0,24,25,5,0,20.0,2,4.18,0.0,1891.39,4255.27,106185.16,8923.45,37300.02,85678.04,358134.21,89933.31,443853.97,16251.85,0.0,5,13,5,132,133,11,10,7,128,8,0,1,5,31,0,1010,0,44015.4,44015.4,0.0,0.0,0,117000.0,90,0,489059.99999999994,3
54,9501684831,10,1,2024-01-10,0,21,13,4,0,30.0,2,6.27,0.0,0.0,0.0,115076.55,8923.45,55950.03,85921.25,538726.24,85921.25,721529.97,29155.3,0.861,6,13,5,122,121,15,14,6,116,7,0,1,10,59,0,1010,0,69973.2,69973.2,0.0,0.0,0,124000.0,0,0,777480.0,3
55,9501684832,10,1,2024-01-10,0,21,13,4,0,30.0,2,6.27,0.0,0.0,0.0,115076.55,8923.45,55950.03,85921.25,538726.24,85921.25,721529.97,29155.3,0.861,6,13,5,122,121,15,14,6,116,7,0,1,10,59,0,1010,0,69973.2,69973.2,0.0,0.0,0,124000.0,0,0,777480.0,3
56,9501684834,10,1,2024-01-10,0,21,13,4,0,15.0,2,3.135,0.0,0.0,0.0,115076.55,8923.45,27975.02,85921.25,269363.12,85921.25,360764.98,29155.3,0.861,6,13,5,122,121,15,14,6,116,7,0,1,10,59,0,1010,0,34986.6,34986.6,0.0,0.0,0,124000.0,0,0,388740.0,3
69,9501684927,10,1,2024-01-12,0,21,13,60,0,26.0,2,5.434,0.0,1454.91,5091.78,109586.29,8958.8,48682.12,72919.63,396245.27,78011.41,595491.9,31574.88,0.857,5,13,5,159,149,11,10,7,142,8,0,1,10,157,0,1010,0,58687.2,58687.2,0.0,0.0,0,120000.0,105,0,652080.0,3
71,9501684940,10,1,2024-01-13,0,31,2,63,0,40.0,2,8.36,0.0,214.53,8801.51,112352.81,8432.66,70497.04,77534.33,648187.0,86335.84,939269.49,26016.97,0.857,6,13,5,31,37,16,9,7,37,8,0,1,9,6,0,1010,0,91040.4,91040.4,0.0,0.0,0,121000.0,180,0,1011559.9999999999,3
72,9501684941,10,1,2024-01-13,0,31,2,63,0,35.0,2,7.315,0.0,245.18,8801.51,112322.16,8432.66,61684.91,77534.33,567163.62,86335.84,821636.6,25986.32,0.857,6,13,5,31,37,16,9,7,37,8,0,1,9,6,0,1010,0,79660.35,79660.35,0.0,0.0,0,121000.0,180,0,885115.0,3
73,9501684942,10,1,2024-01-13,0,31,2,63,0,40.0,2,8.36,0.0,214.53,8801.51,112352.81,8432.66,70497.04,77534.33,648187.0,86335.84,939269.49,26016.97,0.857,6,13,5,31,37,16,9,7,37,8,0,1,9,6,0,1010,0,91040.4,91040.4,0.0,0.0,0,121000.0,180,0,1011559.9999999999,3
74,9501684943,10,1,2024-01-13,0,31,2,63,0,40.0,2,8.36,0.0,214.53,8801.51,112352.81,8432.66,70497.04,77534.33,648187.0,86335.84,939269.49,26016.97,0.857,6,13,5,31,37,16,9,7,37,8,0,1,9,6,0,1010,0,91040.4,91040.4,0.0,0.0,0,121000.0,180,0,1011559.9999999999,3
76,9501684947,10,1,2024-01-13,0,32,24,65,0,4.0,2,0.836,0.0,0.0,0.0,141857.87,8142.13,6806.82,94057.52,78632.09,94057.52,118593.18,47800.35,0.0,6,13,5,219,219,18,13,8,209,9,0,1,16,39,0,1010,0,7524.0,7524.0,0.0,0.0,0,150000.0,0,0,125400.0,3
79,9501684949,10,1,2024-01-13,0,31,2,63,0,40.0,2,8.36,0.0,214.53,8801.51,112352.81,8432.66,70497.04,77534.33,648187.0,86335.84,939269.49,26016.97,0.857,6,13,5,31,37,16,9,7,37,8,0,1,9,6,0,1010,0,91040.4,91040.4,0.0,0.0,0,121000.0,180,0,1011559.9999999999,3
80,9501684950,10,1,2024-01-13,0,31,2,63,0,35.0,2,7.315,0.0,245.18,8801.51,112322.16,8432.66,61684.91,77534.33,567163.62,86335.84,821636.6,25986.32,0.857,6,13,5,31,37,16,9,7,37,8,0,1,9,6,0,1010,0,79660.35,79660.35,0.0,0.0,0,121000.0,180,0,885115.0,3
81,9501684951,10,1,2024-01-13,0,31,2,63,0,40.0,2,8.36,0.0,214.53,8801.51,112352.81,8432.66,70497.04,77534.33,648187.0,86335.84,939269.49,26016.97,0.857,6,13,5,31,37,16,9,7,37,8,0,1,9,6,0,1010,0,91040.4,91040.4,0.0,0.0,0,121000.0,180,0,1011559.9999999999,3
82,9501684952,10,1,2024-01-13,0,31,2,63,0,40.0,2,8.36,0.0,214.53,8801.51,112352.81,8432.66,70497.04,77534.33,648187.0,86335.84,939269.49,26016.97,0.857,6,13,5,31,37,16,9,7,37,8,0,1,9,6,0,1010,0,91040.4,91040.4,0.0,0.0,0,121000.0,180,0,1011559.9999999999,3
83,9501684971,10,1,2024-01-15,0,9,9,13,0,19.941,0,19.941,0.0,1171.84,3051.43,82728.16,0.0,0.0,80516.34,1605576.34,83567.77,1649682.24,-839.61,0.851,6,13,5,44,45,18,13,7,44,8,0,1,8,133,0,1010,0,150574.49,150574.49,0.0,0.0,0,83900.0,90,0,1673049.9,3
86,9501685014,10,1,2024-01-17,0,31,2,63,0,27.0,2,5.643,0.0,476.74,8801.51,112090.6,8432.66,47585.5,77534.33,437526.22,86335.84,632527.26,25754.76,0.857,6,13,5,31,37,16,9,7,37,8,0,1,9,6,0,1010,0,61452.27,61452.27,0.0,0.0,0,121000.0,180,0,682803.0,3
88,9501685016,10,1,2024-01-17,0,31,2,63,0,1.0,2,0.209,0.0,476.74,8801.51,112090.6,8432.66,1762.43,77534.33,16204.67,86335.84,23426.94,25754.76,0.857,6,13,5,31,37,16,9,7,37,8,0,1,9,6,0,1010,0,2276.01,2276.01,0.0,0.0,0,121000.0,180,0,25289.0,3
118,9501685161,10,1,2024-01-20,0,2,14,12,0,31.105,0,31.105,3977.35,3863.15,7467.85,118731.8,0.0,0.0,80827.85,2514150.27,88295.7,3693152.64,30436.1,0.86,6,12,4,37,38,13,1,7,38,8,0,1,10,90,0,1010,0,0.0,0.0,0.0,686396.87,0,118617.6,155,0,3689600.4480000003,3
119,9501685162,10,1,2024-01-20,0,2,14,12,0,29.105,0,29.105,3977.35,3863.14,7467.85,118731.81,0.0,0.0,80827.85,2352494.57,88295.7,3455689.33,30436.11,0.86,6,12,4,37,38,13,1,7,38,8,0,1,10,90,0,1010,0,0.0,0.0,0.0,642262.68,0,118617.6,155,0,3452365.248,3
126,9501685199,10,1,2024-01-23,0,2,14,12,0,28.674,0,28.674,3800.0,2845.68,8106.49,105954.32,0.0,0.0,80827.85,2317657.77,88934.34,3038134.17,17019.98,0.86,6,12,4,43,45,13,1,7,44,8,0,1,10,113,0,1010,0,0.0,0.0,0.0,561551.62,0,105000.0,190,0,3010770.0,3
155,9501685312,10,1,2024-01-27,0,32,24,65,0,29.0,2,6.061,0.0,5053.42,0.0,111804.45,8142.13,49349.45,94057.52,570082.63,94057.52,677646.77,17746.93,0.0,4,1,0,136,127,6,12,7,122,8,0,1,16,117,0,1010,0,0.0,0.0,0.0,90915.0,0,125000.0,0,0,757625.0,3
177,9501685416,10,1,2024-01-30,0,31,2,63,0,2.0,2,0.418,0.0,2535.89,8583.29,107031.45,8432.66,3524.85,77534.33,32409.35,86117.62,44739.15,20913.83,0.857,6,13,5,31,37,16,9,7,37,8,0,1,9,6,0,1010,0,4439.16,4439.16,0.0,0.0,0,118000.0,180,0,49324.0,3
178,9501685416,20,1,2024-01-30,0,31,2,63,0,2.0,2,0.418,0.0,2535.89,8583.29,107031.45,8432.66,3524.85,77534.33,32409.35,86117.62,44739.15,20913.83,0.857,6,13,5,31,37,16,9,7,37,8,0,1,9,6,0,1010,0,4439.16,4439.16,0.0,0.0,0,118000.0,180,0,49324.0,3
179,9501685417,10,1,2024-01-30,0,31,2,63,0,1.0,2,0.209,0.0,2535.89,8801.51,110031.45,8432.66,1762.43,77534.33,16204.67,86335.84,22996.57,23695.61,0.857,6,13,5,31,37,16,9,7,37,8,0,1,9,6,0,1010,0,2276.01,2276.01,0.0,0.0,0,121000.0,180,0,25289.0,3
185,9501685462,10,0,2024-02-01,0,9,9,16,0,20.012,0,20.012,0.0,1313.81,2991.42,80936.19,0.0,0.0,73827.08,1477427.52,76818.5,1619695.03,4117.69,0.85,6,13,5,44,45,18,13,7,44,8,0,1,8,133,0,1010,0,148138.83,148138.83,0.0,0.0,0,82250.0,90,0,1645987.0,3
192,9501685479,10,0,2024-02-02,0,24,25,18,0,30.0,2,6.27,0.0,1490.43,4218.9,105586.12,8923.45,55950.03,81510.94,511073.59,85729.84,662024.97,19856.28,0.862,5,13,5,132,133,11,10,7,128,8,0,1,5,31,0,1010,0,65458.8,65458.8,0.0,0.0,0,116000.0,90,0,727320.0,3
194,9501685484,10,0,2024-02-02,0,2,14,17,0,38.527,0,38.527,3800.0,2852.23,3839.92,105947.77,0.0,0.0,81809.65,3151880.39,85649.57,4081849.73,20298.2,0.862,6,12,4,43,45,13,1,7,44,8,0,1,10,113,0,1010,0,0.0,0.0,0.0,754512.77,0,105000.0,90,0,4045335.0,3
199,9501685530,10,0,2024-02-05,0,32,24,65,0,13.0,2,2.717,0.0,1801.32,5074.52,137056.55,8142.13,22122.17,94057.52,255554.28,99132.04,372382.65,37924.51,0.0,5,13,5,19,4,11,10,7,4,8,0,1,16,157,0,1010,0,23963.94,23963.94,0.0,0.0,0,147000.0,90,0,399399.0,3
202,9501685545,10,0,2024-02-05,0,20,1,21,0,20.0,2,4.18,0.0,1891.39,4291.64,107185.16,8923.45,37300.02,80498.87,336485.28,84790.51,448033.97,22394.65,0.0,5,13,5,19,4,11,10,7,4,8,0,1,2,157,0,1010,0,44391.6,44391.6,0.0,0.0,0,118000.0,90,0,493239.99999999994,3
208,9501685568,10,0,2024-02-06,0,21,13,70,0,17.0,2,3.553,2000.0,1393.19,4683.9,115075.65,8531.16,30311.21,83119.12,295322.23,87803.02,408863.78,27272.63,0.86,6,13,5,47,43,18,13,9,47,10,0,1,10,124,0,1010,0,39971.25,39971.25,0.0,0.0,0,123000.0,94,0,437019.0,3
210,9501685583,10,0,2024-02-06,0,9,9,22,0,19.859,0,19.859,0.0,1171.83,3024.66,81078.17,0.0,0.0,82393.19,1636246.36,85417.85,1610131.38,-4339.68,0.851,6,13,5,44,45,18,13,7,44,8,0,1,8,133,0,1010,0,147006.25,147006.25,0.0,0.0,0,82250.0,91,0,1633402.7500000002,3
213,9501685608,10,0,2024-02-07,0,21,13,70,0,50.0,2,10.45,8500.0,6377.51,1531.13,118591.33,8531.16,89150.62,83119.12,868594.8,84650.25,1239279.4,33941.08,0.86,1,30,1,177,177,1,2,8,172,9,0,1,10,70,0,1010,0,0.0,0.0,0.0,251113.5,0,125000.0,30,0,1306250.0,3
215,9501685610,10,0,2024-02-07,0,21,13,70,0,5.0,2,1.045,24000.0,6769.65,1559.79,133699.19,8531.16,8915.06,83119.12,86859.48,84678.91,139715.65,49020.28,0.86,1,30,1,177,177,1,2,8,172,9,0,1,10,70,0,1010,0,0.0,0.0,0.0,28026.9,0,125000.0,30,0,130624.99999999999,3
216,9501685611,10,0,2024-02-07,0,21,13,70,0,9.0,2,1.881,24000.0,6769.65,1559.79,133699.19,8531.16,16047.11,83119.12,156347.06,84678.91,251488.18,49020.28,0.86,1,30,1,177,177,1,2,8,172,9,0,1,10,70,0,1010,0,0.0,0.0,0.0,50448.42,0,125000.0,30,0,235125.0,3
219,9501685625,10,0,2024-02-07,0,21,13,57,0,17.0,2,3.553,0.0,2737.12,4364.38,108136.66,9126.22,32425.46,75520.21,268323.31,79884.59,384209.55,28252.07,0.862,5,13,5,184,173,11,10,7,168,8,0,1,10,184,0,1010,0,38372.4,38372.4,0.0,0.0,0,120000.0,90,0,426360.0,3
221,9501685663,10,0,2024-02-08,0,21,13,70,0,15.0,2,3.135,3000.0,2213.72,5687.51,115255.12,8531.16,26745.19,83119.12,260578.44,88806.63,361324.8,26448.49,0.86,6,13,5,47,43,18,13,9,47,10,0,1,10,124,0,1010,0,35550.9,35550.9,0.0,0.0,0,123000.0,114,0,385605.0,3
225,9501685674,10,0,2024-02-08,0,21,13,70,0,96.0,2,20.064,2000.0,2018.54,5680.48,114450.3,8531.16,171169.19,83119.12,1667702.02,88799.6,2296330.82,25650.7,0.86,6,13,5,47,43,18,13,9,47,10,0,1,10,124,0,1010,0,225720.0,225720.0,0.0,0.0,0,123000.0,114,0,2467872.0,3
226,9501685675,10,0,2024-02-08,0,21,13,70,0,34.0,2,7.106,4000.0,4883.2,5694.53,113585.64,8531.16,60622.42,83119.12,590644.47,88813.65,807139.56,24771.99,0.86,6,13,5,47,43,18,13,9,47,10,0,1,10,124,0,1010,0,81221.58,81221.58,0.0,0.0,0,123000.0,114,0,874038.0,3
244,9501685758,10,0,2024-02-10,0,9,9,27,0,19.918,0,19.918,0.0,1170.43,3157.61,81079.57,0.0,0.0,82359.46,1640435.72,85517.07,1614942.88,-4437.5,0.85,6,13,5,44,45,18,13,7,44,8,0,1,8,133,0,1010,0,147443.0,147443.0,0.0,0.0,0,82250.0,95,0,1638255.5,3
252,9501685797,10,0,2024-02-13,0,31,2,67,0,129.0,2,26.961,0.0,0.0,9388.27,112076.56,8923.44,240584.87,78369.71,2112925.75,87757.98,3021696.13,24318.58,0.857,6,13,5,31,37,16,9,7,37,8,0,1,9,6,0,1010,0,293605.29,293605.29,0.0,0.0,0,121000.0,192,0,3262281.0,3
253,9501685798,10,0,2024-02-13,0,31,2,67,0,130.0,2,27.17,0.0,0.0,9388.27,112076.56,8923.44,242449.86,78369.71,2129305.02,87757.98,3045120.14,24318.58,0.857,6,13,5,31,37,16,9,7,37,8,0,1,9,6,0,1010,0,295881.3,295881.3,0.0,0.0,0,121000.0,192,0,3287570.0,3
331,9501686154,10,0,2024-02-23,0,2,14,31,0,29.211,0,29.211,3977.35,3872.19,7690.42,115538.26,0.0,0.0,82554.78,2411507.68,90245.2,3374988.11,25293.06,0.862,6,12,4,37,38,13,1,7,38,8,0,1,10,90,0,1010,0,0.0,0.0,0.0,627857.76,0,115433.1,164,0,3371916.2841,3
381,9501686387,10,2,2024-03-01,0,32,24,71,0,7.0,2,1.463,0.0,1956.25,2890.14,126120.31,8923.44,13054.99,93328.0,136538.86,96218.14,184514.01,29902.17,0.0,5,13,5,300,277,8,14,8,260,9,0,1,16,116,0,1010,0,12025.86,12025.86,0.0,0.0,0,137000.0,55,0,200431.0,3
383,9501686391,10,2,2024-03-01,0,9,9,40,0,19.894,0,19.894,0.0,1167.69,2936.87,79582.31,0.0,0.0,76705.0,1525969.27,79641.87,1583210.48,-59.56,0.848,6,13,5,44,45,18,13,7,44,8,0,1,8,133,0,1010,0,144579.65,144579.65,0.0,0.0,0,80750.0,90,0,1606440.4999999998,3
401,9501686457,10,2,2024-03-04,0,11,3,38,0,20.105,0,20.105,0.0,591.83,7710.41,105408.17,0.0,0.0,80202.0,1612461.21,87912.41,2119231.26,17495.76,0.861,6,13,5,31,37,16,9,7,37,8,0,1,9,6,0,1010,0,191801.7,191801.7,0.0,0.0,0,106000.0,180,0,2131130.0,3
404,9501686482,20,2,2024-03-05,0,31,2,38,0,17.0,2,3.553,0.0,1009.57,8510.55,107453.04,8537.39,30333.35,80202.0,284957.71,88712.55,381780.65,18740.49,0.861,6,13,5,31,37,16,9,7,37,8,0,1,9,6,0,1010,0,37413.09,37413.09,0.0,0.0,0,117000.0,180,0,415701.0,3
405,9501686483,20,2,2024-03-05,0,31,2,38,0,34.0,2,7.106,0.0,504.78,8510.55,107957.83,8537.39,60666.69,80202.0,569915.41,88712.55,767148.34,19245.28,0.861,6,13,5,31,37,16,9,7,37,8,0,1,9,6,0,1010,0,74826.18,74826.18,0.0,0.0,0,117000.0,180,0,831402.0,3
413,9501686529,10,2,2024-03-06,0,9,9,43,0,19.941,0,19.941,0.0,1166.32,2936.87,79583.68,0.0,0.0,79171.44,1578757.69,82108.31,1586978.16,-2524.63,0.847,6,13,5,44,45,18,13,7,44,8,0,1,8,133,0,1010,0,144921.22,144921.22,0.0,0.0,0,80750.0,90,0,1610235.75,3
416,9501686546,10,2,2024-03-07,0,32,24,71,0,4.0,2,0.836,0.0,0.0,0.0,141076.56,8923.44,7460.0,93328.0,78022.21,93328.0,117940.0,47748.56,0.0,6,13,5,219,219,18,13,8,209,9,0,1,16,39,0,1010,0,7524.0,7524.0,0.0,0.0,0,150000.0,0,0,125400.0,3
431,9501686614,10,2,2024-03-09,0,31,2,38,0,96.0,2,20.064,2700.0,2616.63,2558.18,96641.18,8537.39,171294.19,80202.0,1609172.93,82760.18,1939008.64,13881.0,0.861,6,13,5,168,147,18,13,10,159,4,0,1,9,17,0,1010,0,194652.26,194652.26,0.0,0.0,0,105095.2,60,0,2108630.0927999998,3
432,9501686615,10,2,2024-03-09,0,31,2,38,0,48.0,2,10.032,2700.0,3538.68,2558.18,95719.13,8537.39,85647.1,80202.0,804586.46,82760.18,960254.31,12958.95,0.861,6,13,5,168,147,18,13,10,159,4,0,1,9,17,0,1010,0,97326.13,97326.13,0.0,0.0,0,105095.2,60,0,1054315.0463999999,3
433,9501686616,10,2,2024-03-09,0,31,2,38,0,48.0,2,10.032,2700.0,3538.68,2558.18,95719.13,8537.39,85647.1,80202.0,804586.46,82760.18,960254.31,12958.95,0.861,6,13,5,168,147,18,13,10,159,4,0,1,9,17,0,1010,0,97326.13,97326.13,0.0,0.0,0,105095.2,60,0,1054315.0463999999,3
434,9501686617,10,2,2024-03-09,0,31,2,38,0,96.0,2,20.064,2700.0,2791.07,2558.18,96466.74,8537.39,171294.19,80202.0,1609172.93,82760.18,1935508.67,13706.56,0.861,6,13,5,168,147,18,13,10,159,4,0,1,9,17,0,1010,0,194652.26,194652.26,0.0,0.0,0,105095.2,60,0,2108630.0927999998,3
435,9501686618,10,2,2024-03-09,0,31,2,38,0,96.0,2,20.064,2700.0,2791.07,2558.18,96466.74,8537.39,171294.19,80202.0,1609172.93,82760.18,1935508.67,13706.56,0.861,6,13,5,168,147,18,13,10,159,4,0,1,9,17,0,1010,0,194652.26,194652.26,0.0,0.0,0,105095.2,60,0,2108630.0927999998,3
436,9501686619,10,2,2024-03-09,0,31,2,38,0,61.0,2,12.749,2700.0,1255.0,2558.18,98002.81,8537.39,108843.19,80202.0,1022495.3,82760.18,1249437.82,15242.63,0.861,6,13,5,168,147,18,13,10,159,4,0,1,9,17,0,1010,0,123685.29,123685.29,0.0,0.0,0,105095.2,60,0,1339858.7048,3
437,9501686620,10,2,2024-03-09,0,31,2,38,0,55.0,2,11.495,2700.0,1391.91,2558.18,97865.9,8537.39,98137.3,80202.0,921921.99,82760.18,1124968.52,15105.72,0.861,6,13,5,168,147,18,13,10,159,4,0,1,9,17,0,1010,0,111519.52,111519.52,0.0,0.0,0,105095.2,60,0,1208069.3239999998,3
439,9501686622,10,2,2024-03-09,0,31,2,38,0,60.0,2,12.54,2700.0,1275.92,2558.18,97981.89,8537.39,107058.87,80202.0,1005733.08,82760.18,1228692.9,15221.71,0.861,6,13,5,168,147,18,13,10,159,4,0,1,9,17,0,1010,0,121657.66,121657.66,0.0,0.0,0,105095.2,60,0,1317893.808,3
440,9501686623,10,2,2024-03-09,0,31,2,38,0,64.0,2,13.376,2700.0,1196.17,2558.18,98061.64,8537.39,114196.13,80202.0,1072781.95,82760.18,1311672.5,15301.46,0.861,6,13,5,168,147,18,13,10,159,4,0,1,9,17,0,1010,0,129768.17,129768.17,0.0,0.0,0,105095.2,60,0,1405753.3952,3
446,9501686647,10,2,2024-03-11,0,31,2,38,0,60.0,2,12.54,2700.0,1714.51,2558.18,97543.3,8537.39,107058.87,80202.0,1005733.08,82760.18,1223192.98,14783.12,0.861,6,13,5,168,147,18,13,10,159,4,0,1,9,17,0,1010,0,121657.66,121657.66,0.0,0.0,0,105095.2,60,0,1317893.808,3
447,9501686648,10,2,2024-03-11,0,31,2,38,0,40.0,2,8.36,2700.0,620.69,2558.18,98637.12,8537.39,71372.58,80202.0,670488.72,82760.18,824606.32,15876.94,0.861,6,13,5,168,147,18,13,10,159,4,0,1,9,17,0,1010,0,81105.11,81105.11,0.0,0.0,0,105095.2,60,0,878595.872,3
448,9501686649,10,2,2024-03-11,0,31,2,38,0,60.0,2,12.54,2700.0,1714.51,2558.18,97543.3,8537.39,107058.87,80202.0,1005733.08,82760.18,1223192.98,14783.12,0.861,6,13,5,168,147,18,13,10,159,4,0,1,9,17,0,1010,0,121657.66,121657.66,0.0,0.0,0,105095.2,60,0,1317893.808,3
449,9501686650,10,2,2024-03-11,0,31,2,38,0,96.0,2,20.064,2700.0,2616.63,2558.18,96641.18,8537.39,171294.19,80202.0,1609172.93,82760.18,1939008.64,13881.0,0.861,6,13,5,168,147,18,13,10,159,4,0,1,9,17,0,1010,0,194652.26,194652.26,0.0,0.0,0,105095.2,60,0,2108630.0927999998,3
450,9501686651,10,2,2024-03-11,0,31,2,38,0,60.0,2,12.54,2700.0,1714.51,2558.18,97543.3,8537.39,107058.87,80202.0,1005733.08,82760.18,1223192.98,14783.12,0.861,6,13,5,168,147,18,13,10,159,4,0,1,9,17,0,1010,0,121657.66,121657.66,0.0,0.0,0,105095.2,60,0,1317893.808,3
451,9501686652,10,2,2024-03-11,0,31,2,38,0,60.0,2,12.54,2700.0,1714.51,2558.18,97543.3,8537.39,107058.87,80202.0,1005733.08,82760.18,1223192.98,14783.12,0.861,6,13,5,168,147,18,13,10,159,4,0,1,9,17,0,1010,0,121657.66,121657.66,0.0,0.0,0,105095.2,60,0,1317893.808,3
452,9501686653,10,2,2024-03-11,0,31,2,38,0,94.0,2,19.646,2700.0,890.77,2558.18,98367.04,8537.39,167725.56,80202.0,1575648.49,82760.18,1932518.87,15606.86,0.861,6,13,5,168,147,18,13,10,159,4,0,1,9,17,0,1010,0,190597.01,190597.01,0.0,0.0,0,105095.2,60,0,2064700.2992,3
453,9501686654,10,2,2024-03-11,0,31,2,38,0,96.0,2,20.064,2700.0,872.21,2558.18,98385.6,8537.39,171294.19,80202.0,1609172.93,82760.18,1974008.68,15625.42,0.861,6,13,5,168,147,18,13,10,159,4,0,1,9,17,0,1010,0,194652.26,194652.26,0.0,0.0,0,105095.2,60,0,2108630.0927999998,3
454,9501686655,10,2,2024-03-11,0,31,2,38,0,40.0,2,8.36,2700.0,620.69,2558.18,98637.12,8537.39,71372.58,80202.0,670488.72,82760.18,824606.32,15876.94,0.861,6,13,5,168,147,18,13,10,159,4,0,1,9,17,0,1010,0,81105.11,81105.11,0.0,0.0,0,105095.2,60,0,878595.872,3
458,9501686661,10,2,2024-03-11,0,31,2,38,0,96.0,2,20.064,2700.0,872.21,2558.18,98385.6,8537.39,171294.19,80202.0,1609172.93,82760.18,1974008.68,15625.42,0.861,6,13,5,168,147,18,13,10,159,4,0,1,9,17,0,1010,0,194652.26,194652.26,0.0,0.0,0,105095.2,60,0,2108630.0927999998,3
460,9501686668,10,2,2024-03-11,0,31,2,38,0,96.0,2,20.064,2700.0,872.21,2558.18,98385.6,8537.39,171294.19,80202.0,1609172.93,82760.18,1974008.68,15625.42,0.861,6,13,5,168,147,18,13,10,159,4,0,1,9,17,0,1010,0,194652.26,194652.26,0.0,0.0,0,105095.2,60,0,2108630.0927999998,3
466,9501686694,10,2,2024-03-12,0,31,2,38,0,96.0,2,20.064,2700.0,1719.5,2558.18,97538.31,8537.39,171294.19,80202.0,1609172.93,82760.18,1957008.65,14778.13,0.861,6,13,5,168,147,18,13,10,159,4,0,1,9,17,0,1010,0,194652.26,194652.26,0.0,0.0,0,105095.2,60,0,2108630.0927999998,3
469,9501686699,10,2,2024-03-12,0,31,2,38,0,60.0,2,12.54,2700.0,1036.68,2558.18,98221.13,8537.39,107058.87,80202.0,1005733.08,82760.18,1231692.97,15460.95,0.861,6,13,5,168,147,18,13,10,159,4,0,1,9,17,0,1010,0,121657.66,121657.66,0.0,0.0,0,105095.2,60,0,1317893.808,3
470,9501686700,10,2,2024-03-12,0,31,2,38,0,60.0,2,12.54,2700.0,1036.68,2558.18,98221.13,8537.39,107058.87,80202.0,1005733.08,82760.18,1231692.97,15460.95,0.861,6,13,5,168,147,18,13,10,159,4,0,1,9,17,0,1010,0,121657.66,121657.66,0.0,0.0,0,105095.2,60,0,1317893.808,3
471,9501686701,10,2,2024-03-12,0,31,2,38,0,96.0,2,20.064,2700.0,1719.5,2558.18,97538.31,8537.39,171294.19,80202.0,1609172.93,82760.18,1957008.65,14778.13,0.861,6,13,5,168,147,18,13,10,159,4,0,1,9,17,0,1010,0,194652.26,194652.26,0.0,0.0,0,105095.2,60,0,2108630.0927999998,3
472,9501686702,10,2,2024-03-12,0,31,2,38,0,96.0,2,20.064,2700.0,1719.5,2558.18,97538.31,8537.39,171294.19,80202.0,1609172.93,82760.18,1957008.65,14778.13,0.861,6,13,5,168,147,18,13,10,159,4,0,1,9,17,0,1010,0,194652.26,194652.26,0.0,0.0,0,105095.2,60,0,2108630.0927999998,3
474,9501686707,10,2,2024-03-12,0,31,2,38,0,88.0,2,18.392,2700.0,884.35,2558.18,98373.46,8537.39,157019.68,80202.0,1475075.18,82760.18,1809284.68,15613.28,0.861,6,13,5,168,147,18,13,10,159,4,0,1,9,17,0,1010,0,178431.24,178431.24,0.0,0.0,0,105095.2,60,0,1932910.9183999998,3
475,9501686708,10,2,2024-03-12,0,31,2,38,0,60.0,2,12.54,2700.0,1036.68,2558.18,98221.13,8537.39,107058.87,80202.0,1005733.08,82760.18,1231692.97,15460.95,0.861,6,13,5,168,147,18,13,10,159,4,0,1,9,17,0,1010,0,121657.66,121657.66,0.0,0.0,0,105095.2,60,0,1317893.808,3
477,9501686724,10,2,2024-03-13,0,31,2,38,0,35.0,2,7.315,2700.0,2118.93,2558.18,97138.88,8537.39,62451.01,80202.0,586677.63,82760.18,710570.91,14378.7,0.861,6,13,5,168,147,18,13,10,159,4,0,1,9,17,0,1010,0,70966.97,70966.97,0.0,0.0,0,105095.2,60,0,768771.388,3
478,9501686725,10,2,2024-03-13,0,31,2,38,0,35.0,2,7.315,2700.0,2118.93,2558.18,97138.88,8537.39,62451.01,80202.0,586677.63,82760.18,710570.91,14378.7,0.861,6,13,5,168,147,18,13,10,159,4,0,1,9,17,0,1010,0,70966.97,70966.97,0.0,0.0,0,105095.2,60,0,768771.388,3
479,9501686726,10,2,2024-03-13,0,31,2,38,0,60.0,2,12.54,2700.0,1036.68,2558.18,98221.13,8537.39,107058.87,80202.0,1005733.08,82760.18,1231692.97,15460.95,0.861,6,13,5,168,147,18,13,10,159,4,0,1,9,17,0,1010,0,121657.66,121657.66,0.0,0.0,0,105095.2,60,0,1317893.808,3
481,9501686730,10,2,2024-03-13,0,31,2,38,0,90.0,2,18.81,2700.0,1249.34,2558.18,98008.47,8537.39,160588.31,80202.0,1508599.62,82760.18,1843539.32,15248.29,0.861,6,13,5,168,147,18,13,10,159,4,0,1,9,17,0,1010,0,182486.49,182486.49,0.0,0.0,0,105095.2,60,0,1976840.7119999998,3
482,9501686762,10,2,2024-03-14,0,26,7,48,0,24.0,2,5.016,0.0,0.0,2909.59,110933.22,9066.78,45478.97,81616.0,409385.86,84525.59,556441.03,26407.63,0.855,6,13,5,295,273,17,8,7,265,8,0,1,7,134,0,1010,0,54172.8,54172.8,0.0,0.0,0,120000.0,60,0,601920.0,3
483,9501686763,10,2,2024-03-14,0,31,2,38,0,43.0,2,8.987,2700.0,577.39,2558.18,98680.42,8537.39,76725.52,80202.0,720775.37,82760.18,886840.93,15920.24,0.861,6,13,5,168,147,18,13,10,159,4,0,1,9,17,0,1010,0,87187.99,87187.99,0.0,0.0,0,105095.2,60,0,944490.5623999999,3
484,9501686764,10,2,2024-03-14,0,31,2,38,0,40.0,2,8.36,2700.0,429.07,2558.18,98828.74,8537.39,71372.58,80202.0,670488.72,82760.18,826208.27,16068.56,0.861,6,13,5,168,147,18,13,10,159,4,0,1,9,17,0,1010,0,81105.11,81105.11,0.0,0.0,0,105095.2,60,0,878595.872,3
487,9501686767,10,2,2024-03-14,0,31,2,38,0,43.0,2,8.987,2700.0,399.13,2558.18,98858.68,8537.39,76725.52,80202.0,720775.37,82760.18,888442.96,16098.5,0.861,6,13,5,168,147,18,13,10,159,4,0,1,9,17,0,1010,0,87187.99,87187.99,0.0,0.0,0,105095.2,60,0,944490.5623999999,3
488,9501686768,10,2,2024-03-14,0,31,2,38,0,44.0,2,9.196,2700.0,390.06,2558.18,98867.75,8537.39,78509.84,80202.0,737537.59,82760.18,909187.83,16107.57,0.861,6,13,5,168,147,18,13,10,159,4,0,1,9,17,0,1010,0,89215.62,89215.62,0.0,0.0,0,105095.2,60,0,966455.4591999999,3
490,9501686774,10,2,2024-03-14,0,31,2,38,0,60.0,2,12.54,2700.0,1475.28,2558.18,97782.53,8537.39,107058.87,80202.0,1005733.08,82760.18,1226192.93,15022.35,0.861,6,13,5,168,147,18,13,10,159,4,0,1,9,17,0,1010,0,121657.66,121657.66,0.0,0.0,0,105095.2,60,0,1317893.808,3
492,9501686781,10,2,2024-03-14,0,21,13,61,0,4.0,2,0.836,6000.0,1783.09,1647.74,130245.62,8971.29,7500.0,74477.0,62262.77,76124.74,108885.34,54120.88,0.858,6,13,5,48,49,18,13,8,48,9,0,1,10,124,0,1010,0,10608.84,10608.84,0.0,0.0,0,135000.0,30,0,112860.0,3
493,9501686788,10,2,2024-03-14,0,31,2,38,0,42.0,2,8.778,2700.0,408.64,2558.18,98849.17,8537.39,74941.21,80202.0,704013.16,82760.18,867698.01,16088.99,0.861,6,13,5,168,147,18,13,10,159,4,0,1,9,17,0,1010,0,85160.36,85160.36,0.0,0.0,0,105095.2,60,0,922525.6656000001,3
497,9501686797,10,2,2024-03-14,0,9,9,50,0,19.894,0,19.894,0.0,1171.84,2936.87,79578.16,0.0,0.0,87910.36,1748888.7,90847.23,1583127.92,-11269.07,0.851,6,13,5,44,45,18,13,7,44,8,0,1,8,133,0,1010,0,144579.65,144579.65,0.0,0.0,0,80750.0,90,0,1606440.4999999998,3
498,9501686804,10,2,2024-03-15,0,31,2,38,0,42.0,2,8.778,2700.0,591.14,2558.18,98666.67,8537.39,74941.21,80202.0,704013.16,82760.18,866096.03,15906.49,0.861,6,13,5,168,147,18,13,10,159,4,0,1,9,17,0,1010,0,85160.36,85160.36,0.0,0.0,0,105095.2,60,0,922525.6656000001,3
522,9501686949,10,2,2024-03-20,0,11,3,51,0,11.661,0,11.661,0.0,597.72,7838.92,105402.28,0.0,0.0,73094.38,852353.57,80933.3,1229095.99,24468.98,0.861,6,13,5,31,37,16,9,7,37,8,0,1,9,6,0,1010,0,111245.94,111245.94,0.0,0.0,0,106000.0,183,0,1236066.0,3
523,9501686951,20,2,2024-03-20,0,11,3,51,0,11.719,0,11.719,0.0,594.76,7838.92,105405.24,0.0,0.0,73094.38,856593.04,80933.3,1235244.01,24471.94,0.861,6,13,5,31,37,16,9,7,37,8,0,1,9,6,0,1010,0,111799.26,111799.26,0.0,0.0,0,106000.0,183,0,1242214.0,3
537,9501687005,10,2,2024-03-21,0,21,13,34,0,25.0,2,5.225,5000.0,4349.72,1488.29,113608.4,9041.88,47243.82,80096.86,418506.09,81585.15,593603.89,32023.25,0.861,4,1,0,236,254,6,12,9,220,10,0,1,10,181,0,1010,0,0.0,0.0,0.0,119443.5,0,122000.0,30,0,637450.0,3
538,9501687006,10,2,2024-03-21,0,21,13,34,0,10.0,2,2.09,8000.0,4349.72,1493.84,116608.4,9041.88,18897.53,80096.86,167402.44,81590.7,243711.56,35017.7,0.861,4,1,0,263,254,6,12,8,246,9,0,1,10,108,0,1010,0,0.0,0.0,0.0,48906.0,0,122000.0,30,0,254979.99999999997,3
539,9501687007,10,2,2024-03-21,0,21,13,34,0,9.0,2,1.881,8000.0,4349.72,1493.84,116608.4,9041.88,17007.78,80096.86,150662.19,81590.7,219340.4,35017.7,0.861,4,1,0,236,254,6,12,9,220,10,0,1,10,181,0,1010,0,0.0,0.0,0.0,44015.4,0,122000.0,30,0,229482.0,3
542,9501687018,10,2,2024-03-21,0,31,2,51,0,34.0,2,7.106,0.0,424.35,8652.39,107676.13,8899.52,63239.99,73094.38,519408.66,81746.77,765146.58,25929.36,0.0,6,13,5,31,37,16,9,7,37,8,0,1,9,6,0,1010,0,74826.18,74826.18,0.0,0.0,0,117000.0,183,0,831402.0,3
548,9501687049,20,2,2024-03-22,0,31,2,51,0,34.0,2,7.106,0.0,504.78,8699.67,107595.7,8899.52,63239.99,73094.38,519408.66,81794.05,764575.04,25801.65,0.0,6,13,5,31,37,16,9,7,37,8,0,1,9,6,0,1010,0,74826.18,74826.18,0.0,0.0,0,117000.0,184,0,831402.0,3
549,9501687059,11,2,2024-03-23,0,21,13,60,0,5.0,2,1.045,15000.0,6701.14,0.0,134340.06,8958.8,9361.95,72919.63,76201.01,72919.63,140385.36,61420.43,0.857,6,13,5,126,119,9,8,8,114,9,0,1,10,10,0,1010,0,0.0,0.0,0.0,28215.0,0,135000.0,0,0,141075.0,3
550,9501687059,12,2,2024-03-23,0,21,13,61,0,2.0,2,0.418,15000.0,6701.14,0.0,134327.57,8971.29,3750.0,74477.0,31131.39,74477.0,56148.92,59850.57,0.858,6,13,5,126,119,9,8,8,114,9,0,1,10,10,0,1010,0,0.0,0.0,0.0,11286.0,0,135000.0,0,0,56430.0,3
558,9501687086,10,2,2024-03-23,0,20,1,53,0,10.0,2,2.09,0.0,1844.76,4291.64,107255.72,8899.52,18600.0,73491.83,153597.92,77783.47,224164.45,29472.25,0.0,5,13,5,19,4,11,10,7,4,8,0,1,2,157,0,1010,0,22195.8,22195.8,0.0,0.0,0,118000.0,90,0,246619.99999999997,3
567,9501687182,10,2,2024-03-28,0,32,24,71,0,23.0,2,4.807,0.0,6769.54,0.0,139307.02,8923.44,42894.98,93328.0,448627.7,93328.0,669648.85,45979.02,0.0,1,30,1,156,165,2,3,8,157,9,0,1,16,111,0,1010,0,0.0,0.0,0.0,89410.2,0,155000.0,0,0,745085.0000000001,3
582,9501687256,10,2,2024-03-30,0,9,9,56,0,19.882,0,19.882,0.0,1170.47,2936.87,79579.53,0.0,0.0,76842.33,1527779.21,79779.2,1582200.22,-199.67,0.85,6,13,5,44,45,18,13,7,44,8,0,1,8,133,0,1010,0,144492.44,144492.44,0.0,0.0,0,80750.0,90,0,1605471.5000000002,3
584,9503657241,10,1,2024-01-02,0,31,2,123,0,77.0,2,16.093,0.0,6772.34,6498.08,118332.39,8895.27,143151.58,79046.0,1272087.28,85544.08,1904323.15,32788.31,0.862,2,30,1,73,67,2,3,7,68,8,0,1,9,191,0,1011,1,0.0,0.0,0.0,388163.16,0,134000.0,120,0,2156462.0,3
585,9503657242,10,1,2024-01-02,0,31,2,123,0,33.0,2,6.897,0.0,6906.92,6498.08,118197.81,8895.27,61350.68,79046.0,545180.26,85544.08,815210.3,32653.73,0.862,2,30,1,73,67,2,3,7,68,8,0,1,9,191,0,1011,1,0.0,0.0,0.0,166355.64,0,134000.0,120,0,924198.0,3
586,9503657243,10,1,2024-01-02,0,31,2,123,0,77.0,2,16.093,0.0,6772.34,6498.08,118332.39,8895.27,143151.58,79046.0,1272087.28,85544.08,1904323.15,32788.31,0.862,2,30,1,73,67,2,3,7,68,8,0,1,9,191,0,1011,1,0.0,0.0,0.0,388163.16,0,134000.0,120,0,2156462.0,3
590,9503657253,10,1,2024-01-02,0,14,0,89,0,24.837,0,24.837,0.0,3040.99,8061.99,129959.01,0.0,0.0,77508.92,1925089.05,85570.91,3227791.93,44388.1,0.86,4,1,0,305,280,6,12,7,268,8,0,1,0,117,0,1011,1,0.0,0.0,0.0,594597.78,0,133000.0,150,0,3303321.0,3
594,9503657259,10,1,2024-01-03,0,21,13,151,0,101.0,2,21.109,0.0,0.0,7414.0,112591.38,8908.62,188052.06,79347.95,1674955.88,86761.95,2376691.44,25829.43,0.0,7,6,2,303,288,14,5,7,257,8,0,1,10,41,0,1011,1,0.0,0.0,0.0,461653.83,0,121500.0,151,0,2564743.5,3
595,9503657260,10,1,2024-01-03,0,21,13,151,0,101.0,2,21.109,0.0,0.0,7414.0,112591.38,8908.62,188052.06,79347.95,1674955.88,86761.95,2376691.44,25829.43,0.0,7,6,2,303,288,14,5,7,257,8,0,1,10,41,0,1011,1,0.0,0.0,0.0,461653.83,0,121500.0,151,0,2564743.5,3
601,9503657267,10,1,2024-01-03,0,14,0,89,0,36.756,0,36.756,0.0,2982.46,8061.99,130017.54,0.0,0.0,77508.92,2848917.86,85570.91,4778924.7,44446.63,0.86,4,1,0,305,280,6,12,7,268,8,0,1,0,117,0,1011,1,0.0,0.0,0.0,879938.64,0,133000.0,150,0,4888548.0,3
625,9503657307,10,1,2024-01-05,0,2,14,151,0,19.711,0,19.711,0.0,1351.27,8045.38,109253.73,0.0,0.0,79347.95,1564027.44,87393.33,2153500.27,21860.4,0.864,7,6,2,100,97,14,5,8,95,9,0,1,10,206,0,1011,1,0.0,0.0,0.0,392424.33,0,110605.0,180,0,2180135.155,3
626,9503657308,10,1,2024-01-05,0,2,14,151,0,19.618,0,19.618,0.0,1351.3,8045.38,109253.7,0.0,0.0,79347.95,1556648.08,87393.33,2143339.09,21860.37,0.864,7,6,2,101,97,14,5,8,95,9,0,1,10,180,0,1011,1,0.0,0.0,0.0,390572.8,0,110605.0,180,0,2169848.8899999997,3
637,9503657325,10,1,2024-01-06,0,28,32,150,0,12.0,2,2.508,0.0,6405.9,0.0,113685.22,8908.88,22343.47,79193.8,198618.05,79193.8,285122.53,34491.42,0.864,0,25,7,108,102,0,4,6,96,7,0,1,19,48,0,1011,1,0.0,0.0,0.0,58235.76,0,129000.0,0,0,323532.0,3
645,9503657342,10,1,2024-01-06,0,10,10,90,0,24.872,0,24.872,0.0,4374.89,5474.88,108525.11,0.0,0.0,82657.06,2055846.4,88131.94,2699236.54,20393.17,0.862,4,10,3,81,82,4,0,7,80,8,0,1,19,78,0,1011,1,0.0,0.0,0.0,505448.78,0,112900.0,120,0,2808048.8,3
653,9503657350,30,1,2024-01-08,0,28,32,111,0,3.0,2,0.627,0.0,0.0,0.0,108094.6,8905.4,5583.69,77323.8,48482.02,77323.8,67775.31,30770.8,0.0,5,13,5,235,236,7,1,7,228,8,0,1,19,30,0,1011,1,0.0,0.0,0.0,13204.62,0,117000.0,0,0,73359.0,3
675,9503657403,10,1,2024-01-10,0,14,0,93,0,25.023,0,25.023,0.0,3649.19,7880.14,126350.81,0.0,0.0,77060.95,1928296.15,84941.09,3161676.32,41409.72,0.86,4,1,0,305,280,6,12,7,268,8,0,1,0,117,0,1011,1,0.0,0.0,0.0,585538.2,0,130000.0,150,0,3252990.0,3
685,9503657424,10,1,2024-01-11,0,5,4,98,0,24.957,0,24.957,0.0,4270.51,4480.77,88129.49,0.0,0.0,73480.0,1833840.36,77960.77,2199447.68,10168.72,0.819,4,10,3,81,82,4,0,7,80,8,0,1,4,78,0,1011,1,0.0,0.0,0.0,415084.82,0,92400.0,120,0,2306026.8000000003,3
700,9503657465,10,1,2024-01-13,0,11,3,112,0,24.907,0,24.907,0.0,4793.98,5891.92,116706.02,0.0,0.0,80778.44,2011948.61,86670.36,2906796.84,30035.66,0.86,2,30,1,73,67,2,3,7,68,8,0,1,9,191,0,1011,1,0.0,0.0,0.0,544716.09,0,121500.0,120,0,3026200.5,3
702,9503657481,10,1,2024-01-15,0,2,14,118,0,20.046,0,20.046,0.0,1507.48,8045.38,109097.52,0.0,0.0,82155.36,1646886.35,90200.74,2186968.89,18896.78,0.864,7,6,2,100,97,14,5,8,95,9,0,1,10,206,0,1011,1,0.0,0.0,0.0,399093.81,0,110605.0,180,0,2217187.83,3
704,9503657486,10,1,2024-01-15,0,21,13,151,0,48.0,2,10.032,0.0,1096.49,9158.3,115899.89,8908.62,89371.28,79347.95,796018.63,88506.25,1162707.7,27393.64,0.0,7,6,2,100,97,14,5,8,95,9,0,1,10,206,0,1011,1,0.0,0.0,0.0,227354.21,0,125905.0,180,0,1263078.96,3
712,9503657500,10,1,2024-01-16,0,11,3,112,0,24.942,0,24.942,0.0,4793.96,5891.92,116706.04,0.0,0.0,80778.44,2014775.85,86670.36,2910882.05,30035.68,0.86,2,30,1,73,67,2,3,7,68,8,0,1,9,191,0,1011,1,0.0,0.0,0.0,545481.54,0,121500.0,120,0,3030453.0,3
715,9503657505,10,1,2024-01-16,0,31,2,76,0,47.0,2,9.823,0.0,0.0,6566.78,116100.55,8899.45,87419.3,78039.0,766577.1,84605.78,1140455.7,31494.77,0.86,2,30,1,182,181,2,3,7,174,8,0,1,9,29,0,1011,1,0.0,0.0,0.0,221017.5,0,125000.0,130,0,1227875.0,3
716,9503657506,10,1,2024-01-16,0,31,2,76,0,46.0,2,9.614,0.0,0.0,6566.78,116100.55,8899.45,85559.31,78039.0,750266.95,84605.78,1116190.69,31494.77,0.86,2,30,1,182,181,2,3,7,174,8,0,1,9,29,0,1011,1,0.0,0.0,0.0,216315.0,0,125000.0,130,0,1201750.0,3
717,9503657509,10,1,2024-01-16,0,31,2,76,0,47.0,2,9.823,0.0,0.0,6566.78,116100.55,8899.45,87419.3,78039.0,766577.1,84605.78,1140455.7,31494.77,0.86,2,30,1,182,181,2,3,7,174,8,0,1,9,29,0,1011,1,0.0,0.0,0.0,221017.5,0,125000.0,130,0,1227875.0,3
762,9503657606,10,1,2024-01-20,0,14,0,93,0,25.116,0,25.116,0.0,3763.68,7880.14,126236.32,0.0,0.0,77060.95,1935462.82,84941.09,3170551.41,41295.23,0.86,4,1,0,305,280,6,12,7,268,8,0,1,0,117,0,1011,1,0.0,0.0,0.0,587714.4,0,130000.0,150,0,3265080.0,3
779,9503657644,10,1,2024-01-24,0,10,10,90,0,20.07,0,20.07,0.0,1505.68,8118.12,110099.32,0.0,0.0,82657.06,1658927.19,90775.18,2209693.35,19324.14,0.862,7,6,2,97,98,14,5,8,95,9,0,1,19,206,0,1011,1,0.0,0.0,0.0,403184.22,0,111605.0,180,0,2239912.35,3
808,9503657695,20,1,2024-01-25,0,28,32,155,0,48.0,2,10.032,5819.0,3700.16,10168.55,111013.65,8910.19,89387.03,77161.47,774083.87,87330.02,1113688.94,23683.63,0.0,7,6,2,98,99,14,5,8,95,9,0,1,19,206,0,1011,1,0.0,0.0,0.0,223235.27,0,117805.0,212,0,1181819.76,3
812,9503657704,10,1,2024-01-27,0,2,14,118,0,20.069,0,20.069,0.0,1505.76,8045.38,109099.24,0.0,0.0,82155.36,1648775.92,90200.74,2189512.65,18898.5,0.864,7,6,2,100,97,14,5,8,95,9,0,1,10,206,0,1011,1,0.0,0.0,0.0,399551.72,0,110605.0,180,0,2219731.745,3
822,9503657719,20,1,2024-01-27,0,28,32,115,0,68.0,2,14.212,0.0,1055.45,8940.08,112948.0,8901.55,126508.83,81865.72,1163475.61,90805.8,1605216.98,22142.2,0.0,7,6,2,96,98,14,5,8,95,9,0,1,19,206,0,1011,1,0.0,0.0,0.0,314410.65,0,122905.0,180,0,1746725.8599999999,3
823,9503657722,10,1,2024-01-27,0,28,32,122,0,24.0,2,5.016,0.0,0.0,996.13,130100.39,8899.61,44640.44,82906.93,415861.16,83903.06,652583.56,46197.33,0.865,1,30,1,149,139,1,2,8,134,9,0,1,19,34,0,1011,1,0.0,0.0,0.0,130917.6,6000,145000.0,17,0,727320.0,3
841,9503657755,10,1,2024-01-29,0,2,14,118,0,20.023,0,20.023,0.0,1509.21,8045.38,109095.79,0.0,0.0,82155.36,1644996.77,90200.74,2184425.0,18895.05,0.864,7,6,2,101,97,14,5,8,95,9,0,1,10,180,0,1011,1,0.0,0.0,0.0,398635.91,0,110605.0,180,0,2214643.915,3
847,9503657767,10,1,2024-01-30,0,10,10,90,0,12.32,0,12.32,0.0,1645.29,0.0,109959.71,0.0,0.0,82657.06,1018334.98,82657.06,1354703.63,27302.65,0.862,7,6,2,99,98,14,5,8,95,9,0,1,19,206,0,1011,1,0.0,0.0,0.0,247495.25,0,111605.0,0,0,1374973.6,3
849,9503657774,10,1,2024-01-30,0,14,0,93,0,26.023,0,26.023,0.0,2982.51,7880.14,127017.49,0.0,0.0,77060.95,2005357.1,84941.09,3305376.14,42076.4,0.86,4,1,0,305,280,6,12,7,268,8,0,1,0,117,0,1011,1,0.0,0.0,0.0,608938.2,0,130000.0,150,0,3382990.0,3
854,9503657785,10,1,2024-01-30,0,14,0,93,0,27.953,0,27.953,0.0,3027.2,7880.14,126972.8,0.0,0.0,77060.95,2154084.74,84941.09,3549270.68,42031.71,0.86,4,1,0,305,280,6,12,7,268,8,0,1,0,117,0,1011,1,0.0,0.0,0.0,654100.2,0,130000.0,150,0,3633890.0,3
864,9503657804,10,0,2024-02-01,0,11,3,112,0,20.698,0,20.698,0.0,5655.73,5891.92,115844.27,0.0,0.0,80778.44,1671952.15,86670.36,2397744.7,29173.91,0.86,2,30,1,73,67,2,3,7,68,8,0,1,9,191,0,1011,1,0.0,0.0,0.0,452665.26,0,121500.0,120,0,2514807.0,3
865,9503657805,10,0,2024-02-01,0,11,3,112,0,24.744,0,24.744,0.0,4794.02,5891.92,116705.98,0.0,0.0,80778.44,1998781.72,86670.36,2887772.77,30035.62,0.86,2,30,1,73,67,2,3,7,68,8,0,1,9,191,0,1011,1,0.0,0.0,0.0,541151.28,0,121500.0,120,0,3006396.0,3
876,9503657832,10,0,2024-02-03,0,10,10,90,0,25.081,0,25.081,0.0,4374.86,5474.88,108525.14,0.0,0.0,82657.06,2073121.72,88131.94,2721919.04,20393.2,0.862,4,10,3,81,82,4,0,7,80,8,0,1,19,78,0,1011,1,0.0,0.0,0.0,509696.08,0,112900.0,120,0,2831644.9,3
881,9503657841,10,0,2024-02-03,0,5,4,98,0,25.153,0,25.153,0.0,4237.24,4340.14,85262.76,0.0,0.0,73480.0,1848242.44,77820.14,2144614.2,7442.62,0.819,4,10,3,81,82,4,0,7,80,8,0,1,4,78,0,1011,1,0.0,0.0,0.0,405214.83,0,89500.0,120,0,2251193.5,3
926,9503657913,10,0,2024-02-07,0,14,0,96,0,24.994,0,24.994,0.0,3080.34,7880.14,126919.66,0.0,0.0,81454.05,2035862.53,89334.19,3172229.98,37585.47,0.861,4,1,0,305,280,6,12,7,268,8,0,1,0,117,0,1011,1,0.0,0.0,0.0,584859.6,0,130000.0,150,0,3249220.0,3
949,9503657960,10,0,2024-02-09,0,2,14,118,0,20.185,0,20.185,0.0,1351.31,7834.8,106358.69,0.0,0.0,82155.36,1658305.94,89990.16,2146850.16,16368.53,0.864,7,6,2,100,97,14,5,8,95,9,0,1,10,206,0,1011,1,0.0,0.0,0.0,391342.74,0,107710.0,180,0,2174126.35,3
976,9503657999,10,0,2024-02-10,0,21,13,118,0,60.0,2,12.54,0.0,877.19,8947.71,113233.29,8899.52,111599.98,82155.36,1030228.21,91103.07,1419945.46,22130.22,0.0,7,6,2,100,97,14,5,8,95,9,0,1,10,206,0,1011,1,0.0,0.0,0.0,277658.17,0,123010.0,180,0,1542545.4,3
991,9503658017,10,0,2024-02-10,0,14,0,96,0,29.013,0,29.013,0.0,3021.05,7880.14,126978.95,0.0,0.0,81454.05,2363226.35,89334.19,3684040.28,37644.76,0.861,4,1,0,305,280,6,12,7,268,8,0,1,0,117,0,1011,1,0.0,0.0,0.0,678904.2,0,130000.0,150,0,3771690.0,3
1023,9503658082,10,0,2024-02-14,0,2,14,119,0,20.023,0,20.023,0.0,1352.87,7834.8,106357.13,0.0,0.0,82716.5,1656232.48,90551.3,2129588.81,15805.83,0.865,7,6,2,101,97,14,5,8,95,9,0,1,10,180,0,1011,1,0.0,0.0,0.0,388201.92,0,107710.0,180,0,2156677.33,3
1040,9503658107,10,0,2024-02-15,0,3,12,113,0,35.129,0,35.129,0.0,5368.53,5647.43,102131.47,0.0,0.0,74699.03,2624102.22,80346.46,3587776.41,21785.01,0.85,1,30,1,282,270,1,2,7,279,8,0,1,3,187,0,1011,1,0.0,0.0,0.0,679746.15,0,107500.0,130,0,3776367.4999999995,3
1042,9503658112,10,0,2024-02-15,0,3,12,113,0,35.012,0,35.012,0.0,5368.43,5647.43,102131.57,0.0,0.0,74699.03,2615362.44,80346.46,3575830.53,21785.11,0.85,1,30,1,282,270,1,2,7,279,8,0,1,3,187,0,1011,1,0.0,0.0,0.0,677482.2,0,107500.0,130,0,3763790.0,3
1047,9503658122,10,0,2024-02-16,0,3,12,113,0,35.059,0,35.059,0.0,5368.44,5647.43,102131.56,0.0,0.0,74699.03,2618873.29,80346.46,3580630.36,21785.1,0.85,1,30,1,282,270,1,2,7,279,8,0,1,3,187,0,1011,1,0.0,0.0,0.0,678391.65,0,107500.0,130,0,3768842.4999999995,3
1052,9503658130,10,0,2024-02-16,0,14,0,96,0,24.785,0,24.785,0.0,3080.33,7880.14,126919.67,0.0,0.0,81454.05,2018838.63,89334.19,3145704.02,37585.48,0.861,4,1,0,305,280,6,12,7,268,8,0,1,0,117,0,1011,1,0.0,0.0,0.0,579969.0,0,130000.0,150,0,3222050.0,3
1056,9503658140,10,0,2024-02-16,0,31,2,125,0,97.0,2,20.273,0.0,2523.9,6667.81,98576.58,8899.52,180419.97,78625.0,1593964.63,85292.81,1998443.01,13283.77,0.861,4,1,0,305,280,6,12,7,268,8,0,1,9,117,0,1011,1,0.0,0.0,0.0,401405.4,0,110000.0,150,0,2230030.0,3
1071,9503658167,10,0,2024-02-17,0,22,11,113,0,100.0,2,20.9,0.0,4121.83,6225.31,105478.65,8899.52,185999.97,74699.03,1561209.73,80924.34,2204503.79,24554.31,0.85,1,30,1,282,270,1,2,7,279,8,0,1,3,187,0,1011,1,0.0,0.0,0.0,445797.0,0,118500.0,130,0,2476650.0,3
1080,9503658186,20,0,2024-02-19,0,21,13,119,0,24.0,2,5.016,0.0,2083.33,8947.71,112027.15,8899.52,44639.99,82716.5,414905.96,91664.21,561928.18,20362.94,0.865,7,6,2,101,97,14,5,8,95,9,0,1,10,180,0,1011,1,0.0,0.0,0.0,111063.27,0,123010.0,180,0,617018.16,3
1121,9503658252,10,0,2024-02-21,0,2,14,119,0,20.231,0,20.231,0.0,1352.87,7834.8,106357.13,0.0,0.0,82716.5,1673437.51,90551.3,2151711.1,15805.83,0.865,7,6,2,100,97,14,5,8,95,9,0,1,10,206,0,1011,1,0.0,0.0,0.0,392234.58,0,107710.0,180,0,2179081.0100000002,3
1132,9503658287,10,0,2024-02-22,0,31,2,76,0,90.0,2,18.81,0.0,0.0,6566.78,116100.55,8899.45,167398.65,78039.0,1467913.59,84605.78,2183851.35,31494.77,0.86,2,30,1,182,181,2,3,7,174,8,0,1,9,29,0,1011,1,0.0,0.0,0.0,423225.0,0,125000.0,130,0,2351250.0,3
1137,9503658295,10,0,2024-02-22,0,31,2,76,0,50.0,2,10.45,0.0,0.0,6566.78,116100.55,8899.45,92999.25,78039.0,815507.55,84605.78,1213250.75,31494.77,0.86,2,30,1,182,181,2,3,7,174,8,0,1,9,29,0,1011,1,0.0,0.0,0.0,235125.0,0,125000.0,130,0,1306250.0,3
1152,9503658323,10,0,2024-02-23,0,31,2,146,0,102.0,2,21.318,0.0,1102.35,5722.19,107997.54,8900.11,189732.54,81454.05,1736437.44,87176.24,2302291.56,20821.3,0.86,2,30,1,252,249,2,3,7,241,8,0,1,9,29,0,1011,1,0.0,0.0,0.0,452794.32,0,118000.0,120,0,2515524.0,3
1155,9503658329,10,0,2024-02-23,0,31,2,146,0,102.0,2,21.318,0.0,1102.35,5722.19,107997.54,8900.11,189732.54,81454.05,1736437.44,87176.24,2302291.56,20821.3,0.86,2,30,1,252,249,2,3,7,241,8,0,1,9,29,0,1011,1,0.0,0.0,0.0,452794.32,0,118000.0,120,0,2515524.0,3
1166,9503658345,10,0,2024-02-24,0,31,2,76,0,96.0,2,20.064,0.0,0.0,6566.78,116100.55,8899.45,178558.56,78039.0,1565774.5,84605.78,2329441.44,31494.77,0.86,2,30,1,182,181,2,3,7,174,8,0,1,9,29,0,1011,1,0.0,0.0,0.0,451440.0,0,125000.0,130,0,2508000.0,3
1167,9503658346,10,0,2024-02-24,0,31,2,76,0,44.0,2,9.196,0.0,0.0,6566.78,116100.55,8899.45,81839.34,78039.0,717646.64,84605.78,1067660.66,31494.77,0.86,2,30,1,182,181,2,3,7,174,8,0,1,9,29,0,1011,1,0.0,0.0,0.0,206910.0,0,125000.0,130,0,1149500.0,3
1176,9503658365,10,0,2024-02-26,0,31,2,112,0,77.0,2,16.093,0.0,4843.53,6473.84,119755.65,8900.82,143240.9,80778.44,1299967.43,87252.28,1927227.68,32503.37,0.86,2,30,1,73,67,2,3,7,68,8,0,1,9,191,0,1011,1,0.0,0.0,0.0,386714.79,0,133500.0,120,0,2148415.5,3
1177,9503658366,10,0,2024-02-26,0,31,2,112,0,77.0,2,16.093,0.0,5340.65,6473.84,119258.53,8900.82,143240.9,80778.44,1299967.43,87252.28,1919227.52,32006.25,0.86,2,30,1,73,67,2,3,7,68,8,0,1,9,191,0,1011,1,0.0,0.0,0.0,386714.79,0,133500.0,120,0,2148415.5,3
1180,9503658374,10,0,2024-02-26,0,26,7,137,0,58.0,2,12.122,0.0,2851.01,0.0,135249.47,8899.52,107879.98,78792.16,955118.56,78792.16,1639494.08,56457.31,0.859,2,30,1,311,298,2,3,7,286,8,0,1,7,84,0,1011,1,0.0,0.0,0.0,320748.12,0,147000.0,0,0,1781934.0,3
1181,9503658375,10,0,2024-02-26,0,31,2,112,0,77.0,2,16.093,0.0,5278.51,6473.84,119320.67,8900.82,143240.9,80778.44,1299967.43,87252.28,1920227.54,32068.39,0.86,2,30,1,73,67,2,3,7,68,8,0,1,9,191,0,1011,1,0.0,0.0,0.0,386714.79,0,133500.0,120,0,2148415.5,3
1196,9503658410,10,0,2024-02-27,0,31,2,76,0,96.0,2,20.064,0.0,0.0,6566.78,116100.55,8899.45,178558.56,78039.0,1565774.5,84605.78,2329441.44,31494.77,0.86,2,30,1,182,181,2,3,7,174,8,0,1,9,29,0,1011,1,0.0,0.0,0.0,451440.0,0,125000.0,130,0,2508000.0,3
1197,9503658411,10,0,2024-02-27,0,31,2,120,0,135.0,2,28.215,0.0,1116.43,6078.21,105683.99,8899.58,251101.65,80448.6,2269857.25,86526.81,2981873.78,19157.18,0.86,1,30,1,282,270,1,2,7,279,8,0,1,9,187,0,1011,1,0.0,0.0,0.0,587605.59,0,115700.0,130,0,3264475.5,3
1203,9503658420,10,0,2024-02-27,0,31,2,76,0,44.0,2,9.196,0.0,0.0,6566.78,116100.55,8899.45,81839.34,78039.0,717646.64,84605.78,1067660.66,31494.77,0.86,2,30,1,182,181,2,3,7,174,8,0,1,9,29,0,1011,1,0.0,0.0,0.0,206910.0,0,125000.0,130,0,1149500.0,3
1227,9503658467,10,0,2024-02-29,0,3,12,113,0,24.965,0,24.965,0.0,5622.17,5647.43,101877.83,0.0,0.0,74699.03,1864861.28,80346.46,2543380.03,21531.37,0.85,1,30,1,282,270,1,2,7,279,8,0,1,3,187,0,1011,1,0.0,0.0,0.0,483072.75,0,107500.0,130,0,2683737.5,3
1231,9503658471,10,0,2024-02-29,0,5,4,98,0,25.128,0,25.128,0.0,4241.45,4340.14,85258.55,0.0,0.0,73480.0,1846405.44,77820.14,2142376.84,7438.41,0.819,4,10,3,81,82,4,0,7,80,8,0,1,4,78,0,1011,1,0.0,0.0,0.0,404812.08,0,89500.0,120,0,2248956.0,3
1236,9503658477,10,0,2024-02-29,0,3,12,113,0,35.953,0,35.953,0.0,5514.11,5647.43,101985.89,0.0,0.0,74699.03,2685654.23,80346.46,3666698.7,21639.43,0.85,1,30,1,282,270,1,2,7,279,8,0,1,3,187,0,1011,1,0.0,0.0,0.0,695690.55,0,107500.0,130,0,3864947.5000000005,3
1237,9503658479,10,0,2024-02-29,0,3,12,113,0,22.565,0,22.565,0.0,6155.66,5647.43,101344.34,0.0,0.0,74699.03,1685583.61,80346.46,2286835.03,20997.88,0.85,1,30,1,282,270,1,2,7,279,8,0,1,3,187,0,1011,1,0.0,0.0,0.0,436632.75,0,107500.0,130,0,2425737.5,3
1238,9503658480,10,0,2024-02-29,0,22,11,113,0,102.0,2,21.318,0.0,4150.65,6225.31,105449.83,8899.52,189719.97,74699.03,1592433.92,80924.34,2247979.48,24525.49,0.85,1,30,1,282,270,1,2,7,279,8,0,1,3,187,0,1011,1,0.0,0.0,0.0,454712.94,0,118500.0,130,0,2526183.0,3
1243,9503658485,10,0,2024-02-29,0,22,11,113,0,98.0,2,20.482,0.0,4150.67,6225.31,105449.81,8899.52,182279.97,74699.03,1529985.53,80924.34,2159823.01,24525.47,0.85,1,30,1,282,270,1,2,7,279,8,0,1,3,187,0,1011,1,0.0,0.0,0.0,436881.06,0,118500.0,130,0,2427117.0,3
1245,9503658487,10,0,2024-02-29,0,22,11,113,0,4.0,2,0.836,0.0,4150.67,6225.31,105449.81,8899.52,7440.0,74699.03,62448.39,80924.34,88156.04,24525.47,0.85,1,30,1,282,270,1,2,7,279,8,0,1,3,187,0,1011,1,0.0,0.0,0.0,17831.88,0,118500.0,130,0,99066.0,3
1246,9503658488,10,0,2024-02-29,0,22,11,113,0,96.0,2,20.064,0.0,3863.26,6225.31,105737.22,8899.52,178559.97,74699.03,1498761.34,80924.34,2121511.58,24812.88,0.85,1,30,1,282,270,1,2,7,279,8,0,1,3,187,0,1011,1,0.0,0.0,0.0,427965.12,0,118500.0,130,0,2377584.0,3
1247,9503658489,10,0,2024-02-29,0,22,11,113,0,32.0,2,6.688,0.0,3863.26,6225.31,105737.22,8899.52,59519.99,74699.03,499587.11,80924.34,707170.53,24812.88,0.85,1,30,1,282,270,1,2,7,279,8,0,1,3,187,0,1011,1,0.0,0.0,0.0,142655.04,0,118500.0,130,0,792528.0,3
1248,9503658491,10,0,2024-02-29,0,14,0,96,0,24.971,0,24.971,0.0,3080.31,7880.14,126919.69,0.0,0.0,81454.05,2033989.08,89334.19,3169311.58,37585.5,0.861,4,1,0,305,280,6,12,7,268,8,0,1,0,117,0,1011,1,0.0,0.0,0.0,584321.4,0,130000.0,150,0,3246230.0,3
1282,9503658546,10,2,2024-03-04,0,10,10,82,0,19.838,0,19.838,0.0,1351.29,7931.1,107682.71,0.0,0.0,82716.0,1640920.01,90647.1,2136209.6,17035.61,0.864,7,6,2,97,98,14,5,8,95,9,0,1,19,206,0,1011,1,0.0,0.0,0.0,389342.97,0,109034.0,180,0,2163016.492,3
1332,9503658629,10,2,2024-03-07,0,10,10,82,0,25.093,0,25.093,0.0,4384.9,5474.88,108515.1,0.0,0.0,82716.0,2075592.59,88190.88,2722969.4,20324.22,0.864,4,10,3,81,82,4,0,7,80,8,0,1,19,78,0,1011,1,0.0,0.0,0.0,509939.95,0,112900.0,120,0,2832999.7,3
1333,9503658634,10,2,2024-03-09,0,31,2,112,0,77.0,2,16.093,0.0,5095.38,6959.37,119503.8,8900.82,143240.9,80778.44,1299967.43,87737.81,1923174.65,31765.99,0.86,2,30,1,73,67,2,3,7,68,8,0,1,9,191,0,1011,1,0.0,0.0,0.0,386714.79,0,133500.0,129,0,2148415.5,3
1336,9503658637,10,2,2024-03-09,0,31,2,112,0,77.0,2,16.093,0.0,5095.38,6959.37,119503.8,8900.82,143240.9,80778.44,1299967.43,87737.81,1923174.65,31765.99,0.86,2,30,1,73,67,2,3,7,68,8,0,1,9,191,0,1011,1,0.0,0.0,0.0,386714.79,0,133500.0,129,0,2148415.5,3
1339,9503658645,10,2,2024-03-09,0,2,14,92,0,20.069,0,20.069,0.0,1354.44,7858.36,106679.56,0.0,0.0,82716.0,1660027.4,90574.36,2140952.09,16105.2,0.866,7,6,2,100,97,14,5,8,95,9,0,1,10,206,0,1011,1,0.0,0.0,0.0,390264.18,0,108034.0,180,0,2168134.346,3
1341,9503658650,10,2,2024-03-09,0,31,2,112,0,77.0,2,16.093,0.0,3796.25,6959.37,120802.93,8900.82,143240.9,80778.44,1299967.43,87737.81,1944081.55,33065.12,0.86,2,30,1,73,67,2,3,7,68,8,0,1,9,191,0,1011,1,0.0,0.0,0.0,386714.79,0,133500.0,129,0,2148415.5,3
1344,9503658653,10,2,2024-03-09,0,29,8,81,0,126.0,2,26.334,5940.48,4724.46,4751.17,86226.0,8899.52,234359.96,73725.0,1941474.15,78476.17,2270675.48,7749.83,0.825,6,12,4,37,38,13,1,7,38,8,0,1,1,90,0,1011,1,0.0,0.0,0.0,473300.89,0,93909.5,124,0,2473012.773,3
1346,9503658655,10,2,2024-03-09,0,28,32,88,0,48.0,2,10.032,0.0,6479.27,0.0,123621.2,8899.53,89280.08,70691.0,709172.11,70691.0,1240167.88,52930.2,0.866,1,30,1,148,137,1,2,8,132,9,0,1,19,8,0,1011,1,0.0,0.0,0.0,261835.2,6000,145000.0,0,0,1454640.0,3
1355,9503658686,10,2,2024-03-11,0,5,4,98,0,25.079,0,25.079,0.0,0.0,4356.14,89830.0,0.0,0.0,73480.0,1842804.92,77836.14,2252846.57,11993.86,0.819,4,10,3,81,82,4,0,7,80,8,0,1,4,78,0,1011,1,0.0,0.0,0.0,405512.38,0,89830.0,120,0,2252846.57,3
1373,9503658720,10,2,2024-03-12,0,31,2,125,0,47.0,2,9.823,0.0,0.0,6199.04,109100.48,8899.52,87419.98,78625.0,772333.38,84824.04,1071694.02,24276.44,0.861,2,30,1,182,181,2,3,7,174,8,0,1,9,29,0,1011,1,0.0,0.0,0.0,208640.52,0,118000.0,130,0,1159114.0,3
1378,9503658729,10,2,2024-03-12,0,31,2,125,0,47.0,2,9.823,0.0,0.0,6199.04,109100.48,8899.52,87419.98,78625.0,772333.38,84824.04,1071694.02,24276.44,0.861,2,30,1,182,181,2,3,7,174,8,0,1,9,29,0,1011,1,0.0,0.0,0.0,208640.52,0,118000.0,130,0,1159114.0,3
1379,9503658730,10,2,2024-03-12,0,31,2,125,0,46.0,2,9.614,0.0,0.0,6199.04,109100.48,8899.52,85559.99,78625.0,755900.75,84824.04,1048892.01,24276.44,0.861,2,30,1,182,181,2,3,7,174,8,0,1,9,29,0,1011,1,0.0,0.0,0.0,204201.36,0,118000.0,130,0,1134452.0,3
1388,9503658749,10,2,2024-03-13,0,21,13,92,0,34.0,2,7.106,0.0,1470.59,8971.28,112963.89,8899.52,63239.99,82716.0,587779.9,91687.28,802721.4,21276.61,0.0,7,6,2,100,97,14,5,8,95,9,0,1,10,206,0,1011,1,0.0,0.0,0.0,157754.05,0,123334.0,180,0,876411.404,3
1398,9503658765,10,2,2024-03-13,0,14,0,108,0,25.152,0,25.152,0.0,3069.52,7849.83,126430.48,0.0,0.0,78845.0,1983109.44,86694.83,3179979.43,39735.65,0.858,4,1,0,305,280,6,12,7,268,8,0,1,0,117,0,1011,1,0.0,0.0,0.0,586293.12,0,129500.0,150,0,3257184.0,3
1404,9503658792,10,2,2024-03-14,0,14,0,108,0,25.058,0,25.058,0.0,3069.61,7849.83,126430.39,0.0,0.0,78845.0,1975698.01,86694.83,3168092.71,39735.56,0.858,4,1,0,305,280,6,12,7,268,8,0,1,0,117,0,1011,1,0.0,0.0,0.0,584101.98,0,129500.0,150,0,3245011.0,3
1405,9503658799,10,2,2024-03-14,0,31,2,120,0,135.0,2,28.215,0.0,1899.17,6091.35,105151.25,8899.58,251101.65,80448.6,2269857.25,86539.95,2966842.52,18611.3,0.86,1,30,1,282,270,1,2,7,279,8,0,1,9,187,0,1011,1,0.0,0.0,0.0,588875.27,0,115950.0,130,0,3271529.25,3
1416,9503658816,10,2,2024-03-15,0,28,32,154,0,18.0,2,3.762,0.0,0.0,4900.84,105600.35,8899.65,33480.48,82372.66,309885.95,87273.5,397268.52,18326.85,0.0,7,6,2,301,288,14,5,7,257,8,0,1,19,123,0,1011,1,0.0,0.0,0.0,78211.98,0,115500.0,105,1000,434511.0,3
1429,9503658839,30,2,2024-03-16,0,2,14,92,0,20.162,0,20.162,0.0,1354.4,7858.36,106679.6,0.0,0.0,82716.0,1667719.99,90574.36,2150874.1,16105.24,0.866,7,6,2,101,97,14,5,8,95,9,0,1,10,180,0,1011,1,0.0,0.0,0.0,392072.67,0,108034.0,180,0,2178181.508,3
1449,9503658880,10,2,2024-03-18,0,31,2,125,0,52.0,2,10.868,0.0,0.0,6199.04,109100.48,8899.52,96719.98,78625.0,854496.5,84824.04,1185704.02,24276.44,0.861,2,30,1,182,181,2,3,7,174,8,0,1,9,29,0,1011,1,0.0,0.0,0.0,230836.32,0,118000.0,130,0,1282424.0,3
1450,9503658881,10,2,2024-03-18,0,31,2,125,0,88.0,2,18.392,0.0,0.0,6199.04,109100.48,8899.52,163679.97,78625.0,1446071.0,84824.04,2006576.03,24276.44,0.861,2,30,1,182,181,2,3,7,174,8,0,1,9,29,0,1011,1,0.0,0.0,0.0,390646.08,0,118000.0,130,0,2170256.0,3
1460,9503658897,10,2,2024-03-18,0,28,32,88,0,25.0,2,5.225,0.0,4861.24,0.0,111239.23,8899.53,46500.04,70691.0,369360.48,70691.0,581224.98,40548.23,0.866,3,30,1,0,14,3,7,8,14,9,0,1,19,138,0,1011,1,0.0,0.0,0.0,117562.5,0,125000.0,0,0,653125.0,3
1463,9503658901,10,2,2024-03-19,0,2,14,92,0,20.046,0,20.046,0.0,1354.44,7858.36,106679.56,0.0,0.0,82716.0,1658124.94,90574.36,2138498.46,16105.2,0.866,7,6,2,100,97,14,5,8,95,9,0,1,10,206,0,1011,1,0.0,0.0,0.0,389816.92,0,108034.0,180,0,2165649.564,3
1474,9503658921,10,2,2024-03-19,0,23,33,94,0,4.0,2,0.836,0.0,0.0,0.0,131100.48,8899.52,7440.0,78564.26,65679.72,78564.26,109600.0,52536.22,0.861,0,25,7,88,78,0,4,8,77,9,0,1,20,33,0,1011,1,0.0,0.0,0.0,21067.2,0,140000.0,0,0,117040.0,3
1498,9503658971,10,2,2024-03-22,0,14,0,108,0,24.918,0,24.918,0.0,3069.63,7849.83,126430.37,0.0,0.0,78845.0,1964659.71,86694.83,3150391.96,39735.54,0.858,4,1,0,305,280,6,12,7,268,8,0,1,0,117,0,1011,1,0.0,0.0,0.0,580838.58,0,129500.0,150,0,3226881.0,3
1502,9503658977,10,2,2024-03-22,0,14,0,108,0,24.988,0,24.988,0.0,3006.63,7849.83,126493.37,0.0,0.0,78845.0,1970178.86,86694.83,3160816.33,39798.54,0.858,4,1,0,305,280,6,12,7,268,8,0,1,0,117,0,1011,1,0.0,0.0,0.0,582470.28,0,129500.0,150,0,3235946.0,3
1512,9503658987,10,2,2024-03-22,0,26,7,130,0,67.0,2,14.003,0.0,3578.66,0.0,134521.81,8899.53,124620.12,81052.74,1134981.52,81052.74,1883708.91,53469.07,0.0,2,30,1,311,298,2,3,7,286,8,0,1,7,84,0,1011,1,0.0,0.0,0.0,370519.38,0,147000.0,0,0,2058441.0,3
1518,9503658998,10,2,2024-03-23,0,31,2,146,0,77.0,2,16.093,0.0,3466.45,7660.71,121133.44,8900.11,143229.47,81454.05,1310840.03,89114.76,1949400.45,32018.68,0.86,2,30,1,73,67,2,3,7,68,8,0,1,9,191,0,1011,1,0.0,0.0,0.0,386714.79,0,133500.0,142,0,2148415.5,3
1527,9503659025,10,2,2024-03-26,0,31,2,146,0,77.0,2,16.093,0.0,4971.11,7768.6,119628.78,8900.11,143229.47,81454.05,1310840.03,89222.65,1925185.96,30406.13,0.86,2,30,1,73,67,2,3,7,68,8,0,1,9,191,0,1011,1,0.0,0.0,0.0,386714.79,0,133500.0,144,0,2148415.5,3
1528,9503659026,10,2,2024-03-26,0,31,2,146,0,77.0,2,16.093,0.0,4971.11,7768.6,119628.78,8900.11,143229.47,81454.05,1310840.03,89222.65,1925185.96,30406.13,0.86,2,30,1,73,67,2,3,7,68,8,0,1,9,191,0,1011,1,0.0,0.0,0.0,386714.79,0,133500.0,144,0,2148415.5,3
1529,9503659027,10,2,2024-03-26,0,10,10,82,0,24.63,0,24.63,0.0,4492.73,4445.21,105507.27,0.0,0.0,82716.0,2037295.08,87161.21,2598644.06,18346.06,0.864,2,30,1,153,158,2,3,7,151,8,0,1,19,29,0,1011,1,0.0,0.0,0.0,487674.0,0,110000.0,100,0,2709300.0,3
1541,9503659046,10,2,2024-03-27,0,31,2,97,0,106.0,2,22.154,0.0,2607.15,6501.11,95493.33,8899.52,197159.97,75811.48,1679527.53,82312.59,2115559.23,13180.74,0.858,4,1,0,309,280,6,12,7,268,8,0,1,9,175,0,1011,1,0.0,0.0,0.0,427682.97,250,107250.0,150,0,2376016.5,3
1542,9503659047,10,2,2024-03-27,0,31,2,97,0,106.0,2,22.154,0.0,2607.15,6501.11,95493.33,8899.52,197159.97,75811.48,1679527.53,82312.59,2115559.23,13180.74,0.858,4,1,0,309,280,6,12,7,268,8,0,1,9,175,0,1011,1,0.0,0.0,0.0,427682.97,250,107250.0,150,0,2376016.5,3
1543,9503659048,10,2,2024-03-27,0,31,2,97,0,106.0,2,22.154,0.0,2607.15,6501.11,95493.33,8899.52,197159.97,75811.48,1679527.53,82312.59,2115559.23,13180.74,0.858,4,1,0,309,280,6,12,7,268,8,0,1,9,175,0,1011,1,0.0,0.0,0.0,427682.97,250,107250.0,150,0,2376016.5,3
1544,9503659049,10,2,2024-03-27,0,31,2,97,0,102.0,2,21.318,0.0,2709.39,6501.11,95391.09,8899.52,189719.97,75811.48,1616149.13,82312.59,2033547.26,13078.5,0.858,4,1,0,309,280,6,12,7,268,8,0,1,9,175,0,1011,1,0.0,0.0,0.0,411543.99,250,107250.0,150,0,2286355.5,3
1555,9503659068,10,2,2024-03-27,0,5,4,98,0,24.908,0,24.908,0.0,4278.91,4356.14,85551.09,0.0,0.0,73480.0,1830239.84,77836.14,2130906.55,7714.95,0.819,4,10,3,81,82,4,0,7,80,8,0,1,4,78,0,1011,1,0.0,0.0,0.0,402747.42,0,89830.0,120,0,2237485.64,3
1557,9503659070,10,2,2024-03-28,0,14,0,108,0,24.709,0,24.709,0.0,3069.53,7849.83,126430.47,0.0,0.0,78845.0,1948181.11,86694.83,3123970.48,39735.64,0.858,4,1,0,305,280,6,12,7,268,8,0,1,0,117,0,1011,1,0.0,0.0,0.0,575966.79,0,129500.0,150,0,3199815.5,3
1565,9503659081,10,2,2024-03-28,0,31,2,97,0,96.0,2,20.064,0.0,2624.48,6501.11,95476.0,8899.52,178559.97,75811.48,1521081.53,82312.59,1915630.46,13163.41,0.858,4,1,0,309,280,6,12,7,268,8,0,1,9,175,0,1011,1,0.0,0.0,0.0,387335.52,250,107250.0,150,0,2151864.0,3
1566,9503659082,10,2,2024-03-28,0,31,2,97,0,120.0,2,25.08,0.0,2491.03,6501.11,95609.45,8899.52,223199.96,75811.48,1901351.92,82312.59,2397885.01,13296.86,0.858,4,1,0,309,280,6,12,7,268,8,0,1,9,175,0,1011,1,0.0,0.0,0.0,484169.4,250,107250.0,150,0,2689830.0,3
1567,9503659083,10,2,2024-03-28,0,31,2,126,0,13.0,2,2.717,0.0,0.0,8818.53,112334.47,8899.53,24180.02,75811.48,205979.79,84630.01,305212.75,27704.46,0.86,7,6,2,102,97,14,5,8,94,9,0,1,9,18,0,1011,1,0.0,0.0,0.0,59290.7,0,121234.0,180,0,329392.778,3
1572,9503659092,10,2,2024-03-29,0,31,2,97,0,103.0,2,21.527,0.0,2446.11,6501.11,95654.37,8899.52,191579.97,75811.48,1631993.73,82312.59,2059151.62,13341.78,0.858,4,1,0,309,280,6,12,7,268,8,0,1,9,175,0,1011,1,0.0,0.0,0.0,415578.74,250,107250.0,150,0,2308770.75,3
1573,9503659094,10,2,2024-03-29,0,31,2,97,0,96.0,2,20.064,0.0,2624.48,6501.11,95476.0,8899.52,178559.97,75811.48,1521081.53,82312.59,1915630.46,13163.41,0.858,4,1,0,309,280,6,12,7,268,8,0,1,9,175,0,1011,1,0.0,0.0,0.0,387335.52,250,107250.0,150,0,2151864.0,3
1576,9503659097,10,2,2024-03-29,0,31,2,114,0,38.0,2,7.942,0.0,2707.13,0.0,106393.34,8899.53,70680.07,75811.48,602094.77,75811.48,844975.91,30581.86,0.86,2,30,1,252,249,2,3,7,241,8,0,1,9,29,0,1011,1,0.0,0.0,0.0,168688.08,0,118000.0,0,0,937156.0,3
1578,9503659100,10,2,2024-03-29,0,31,2,97,0,118.0,2,24.662,0.0,2472.93,6501.11,95627.55,8899.52,219479.96,75811.48,1869662.72,82312.59,2358366.64,13314.96,0.858,4,1,0,309,280,6,12,7,268,8,0,1,9,175,0,1011,1,0.0,0.0,0.0,476099.91,250,107250.0,150,0,2644999.5,3
1580,9503659103,10,2,2024-03-29,0,31,2,97,0,120.0,2,25.08,0.0,2431.72,6501.11,95668.76,8899.52,223199.96,75811.48,1901351.92,82312.59,2399372.5,13356.17,0.858,4,1,0,309,280,6,12,7,268,8,0,1,9,175,0,1011,1,0.0,0.0,0.0,484169.4,250,107250.0,150,0,2689830.0,3
1581,9503659105,10,2,2024-03-29,0,31,2,97,0,102.0,2,21.318,0.0,2470.1,6501.11,95630.38,8899.52,189719.97,75811.48,1616149.13,82312.59,2038648.44,13317.79,0.858,4,1,0,309,280,6,12,7,268,8,0,1,9,175,0,1011,1,0.0,0.0,0.0,411543.99,250,107250.0,150,0,2286355.5,3
1585,9503659111,10,2,2024-03-29,0,31,2,97,0,102.0,2,21.318,0.0,2470.1,6501.11,95630.38,8899.52,189719.97,75811.48,1616149.13,82312.59,2038648.44,13317.79,0.858,4,1,0,309,280,6,12,7,268,8,0,1,9,175,0,1011,1,0.0,0.0,0.0,411543.99,250,107250.0,150,0,2286355.5,3
1586,9503659112,10,2,2024-03-29,0,31,2,97,0,102.0,2,21.318,0.0,2470.1,6501.11,95630.38,8899.52,189719.97,75811.48,1616149.13,82312.59,2038648.44,13317.79,0.858,4,1,0,309,280,6,12,7,268,8,0,1,9,175,0,1011,1,0.0,0.0,0.0,411543.99,250,107250.0,150,0,2286355.5,3
1590,9503659121,10,2,2024-03-30,0,31,2,125,0,20.0,2,4.18,0.0,0.0,6566.78,116100.48,8899.52,37199.99,78625.0,328652.5,85191.78,485300.01,30908.7,0.861,2,30,1,182,181,2,3,7,174,8,0,1,9,29,0,1011,1,0.0,0.0,0.0,94050.0,0,125000.0,130,0,522499.99999999994,3
1591,9503659122,10,2,2024-03-30,0,31,2,125,0,120.0,2,25.08,0.0,0.0,6199.04,109100.48,8899.52,223199.96,78625.0,1971915.0,84824.04,2736240.04,24276.44,0.861,2,30,1,182,181,2,3,7,174,8,0,1,9,29,0,1011,1,0.0,0.0,0.0,532699.2,0,118000.0,130,0,2959440.0,3
1596,9503659131,10,2,2024-03-30,0,31,2,97,0,102.0,2,21.318,0.0,2470.1,6501.11,95630.38,8899.52,189719.97,75811.48,1616149.13,82312.59,2038648.44,13317.79,0.858,4,1,0,309,280,6,12,7,268,8,0,1,9,175,0,1011,1,0.0,0.0,0.0,411543.99,250,107250.0,150,0,2286355.5,3
1600,9503659140,10,2,2024-03-30,0,28,32,117,0,31.0,2,6.479,0.0,4263.36,996.13,125837.11,8899.53,57660.05,81618.84,528808.46,82614.97,815298.64,43222.14,0.864,1,30,1,150,138,1,2,8,133,9,0,1,19,10,0,1011,1,0.0,0.0,0.0,169101.9,6000,145000.0,17,0,939455.0,3
1601,9503659142,10,2,2024-03-30,0,31,2,97,0,113.0,2,23.617,0.0,2582.36,6501.11,95518.12,8899.52,210179.96,75811.48,1790439.72,82312.59,2255851.44,13205.53,0.858,4,1,0,309,280,6,12,7,268,8,0,1,9,175,0,1011,1,0.0,0.0,0.0,455926.19,250,107250.0,150,0,2532923.25,3
